<?xml version="1.0" encoding="UTF-8"?>
<GenRun Id="impl_1" LaunchPart="xcku5p-ffvb676-2-e" LaunchTime="1563297445">
  <File Type="BITSTR-BMM" Name="xilinx_pcie4_uscale_ep_bd.bmm"/>
  <File Type="OPT-METHODOLOGY-DRC" Name="xilinx_pcie4_uscale_ep_methodology_drc_opted.rpt"/>
  <File Type="INIT-TIMING" Name="xilinx_pcie4_uscale_ep_timing_summary_init.rpt"/>
  <File Type="ROUTE-PWR" Name="xilinx_pcie4_uscale_ep_power_routed.rpt"/>
  <File Type="PA-TCL" Name="xilinx_pcie4_uscale_ep.tcl"/>
  <File Type="OPT-TIMING" Name="xilinx_pcie4_uscale_ep_timing_summary_opted.rpt"/>
  <File Type="OPT-DCP" Name="xilinx_pcie4_uscale_ep_opt.dcp"/>
  <File Type="ROUTE-PWR-SUM" Name="xilinx_pcie4_uscale_ep_power_summary_routed.pb"/>
  <File Type="REPORTS-TCL" Name="xilinx_pcie4_uscale_ep_reports.tcl"/>
  <File Type="OPT-DRC" Name="xilinx_pcie4_uscale_ep_drc_opted.rpt"/>
  <File Type="OPT-HWDEF" Name="xilinx_pcie4_uscale_ep.hwdef"/>
  <File Type="PWROPT-DCP" Name="xilinx_pcie4_uscale_ep_pwropt.dcp"/>
  <File Type="PWROPT-DRC" Name="xilinx_pcie4_uscale_ep_drc_pwropted.rpt"/>
  <File Type="PWROPT-TIMING" Name="xilinx_pcie4_uscale_ep_timing_summary_pwropted.rpt"/>
  <File Type="PLACE-DCP" Name="xilinx_pcie4_uscale_ep_placed.dcp"/>
  <File Type="PLACE-IO" Name="xilinx_pcie4_uscale_ep_io_placed.rpt"/>
  <File Type="PLACE-CLK" Name="xilinx_pcie4_uscale_ep_clock_utilization_placed.rpt"/>
  <File Type="PLACE-UTIL" Name="xilinx_pcie4_uscale_ep_utilization_placed.rpt"/>
  <File Type="PLACE-UTIL-PB" Name="xilinx_pcie4_uscale_ep_utilization_placed.pb"/>
  <File Type="PLACE-CTRL" Name="xilinx_pcie4_uscale_ep_control_sets_placed.rpt"/>
  <File Type="PLACE-SIMILARITY" Name="xilinx_pcie4_uscale_ep_incremental_reuse_placed.rpt"/>
  <File Type="PLACE-PRE-SIMILARITY" Name="xilinx_pcie4_uscale_ep_incremental_reuse_pre_placed.rpt"/>
  <File Type="BG-BGN" Name="xilinx_pcie4_uscale_ep.bgn"/>
  <File Type="PLACE-TIMING" Name="xilinx_pcie4_uscale_ep_timing_summary_placed.rpt"/>
  <File Type="POSTPLACE-PWROPT-DCP" Name="xilinx_pcie4_uscale_ep_postplace_pwropt.dcp"/>
  <File Type="BG-BIN" Name="xilinx_pcie4_uscale_ep.bin"/>
  <File Type="POSTPLACE-PWROPT-TIMING" Name="xilinx_pcie4_uscale_ep_timing_summary_postplace_pwropted.rpt"/>
  <File Type="PHYSOPT-DCP" Name="xilinx_pcie4_uscale_ep_physopt.dcp"/>
  <File Type="PHYSOPT-DRC" Name="xilinx_pcie4_uscale_ep_drc_physopted.rpt"/>
  <File Type="BITSTR-MSK" Name="xilinx_pcie4_uscale_ep.msk"/>
  <File Type="PHYSOPT-TIMING" Name="xilinx_pcie4_uscale_ep_timing_summary_physopted.rpt"/>
  <File Type="ROUTE-ERROR-DCP" Name="xilinx_pcie4_uscale_ep_routed_error.dcp"/>
  <File Type="ROUTE-DCP" Name="xilinx_pcie4_uscale_ep_routed.dcp"/>
  <File Type="ROUTE-BLACKBOX-DCP" Name="xilinx_pcie4_uscale_ep_routed_bb.dcp"/>
  <File Type="ROUTE-DRC" Name="xilinx_pcie4_uscale_ep_drc_routed.rpt"/>
  <File Type="ROUTE-DRC-PB" Name="xilinx_pcie4_uscale_ep_drc_routed.pb"/>
  <File Type="BITSTR-LTX" Name="debug_nets.ltx"/>
  <File Type="BITSTR-LTX" Name="xilinx_pcie4_uscale_ep.ltx"/>
  <File Type="ROUTE-DRC-RPX" Name="xilinx_pcie4_uscale_ep_drc_routed.rpx"/>
  <File Type="BITSTR-MMI" Name="xilinx_pcie4_uscale_ep.mmi"/>
  <File Type="ROUTE-METHODOLOGY-DRC" Name="xilinx_pcie4_uscale_ep_methodology_drc_routed.rpt"/>
  <File Type="ROUTE-METHODOLOGY-DRC-RPX" Name="xilinx_pcie4_uscale_ep_methodology_drc_routed.rpx"/>
  <File Type="BITSTR-SYSDEF" Name="xilinx_pcie4_uscale_ep.sysdef"/>
  <File Type="ROUTE-METHODOLOGY-DRC-PB" Name="xilinx_pcie4_uscale_ep_methodology_drc_routed.pb"/>
  <File Type="ROUTE-PWR-RPX" Name="xilinx_pcie4_uscale_ep_power_routed.rpx"/>
  <File Type="ROUTE-STATUS" Name="xilinx_pcie4_uscale_ep_route_status.rpt"/>
  <File Type="ROUTE-STATUS-PB" Name="xilinx_pcie4_uscale_ep_route_status.pb"/>
  <File Type="ROUTE-TIMINGSUMMARY" Name="xilinx_pcie4_uscale_ep_timing_summary_routed.rpt"/>
  <File Type="ROUTE-TIMING-PB" Name="xilinx_pcie4_uscale_ep_timing_summary_routed.pb"/>
  <File Type="ROUTE-TIMING-RPX" Name="xilinx_pcie4_uscale_ep_timing_summary_routed.rpx"/>
  <File Type="ROUTE-SIMILARITY" Name="xilinx_pcie4_uscale_ep_incremental_reuse_routed.rpt"/>
  <File Type="ROUTE-CLK" Name="xilinx_pcie4_uscale_ep_clock_utilization_routed.rpt"/>
  <File Type="ROUTE-BUS-SKEW" Name="xilinx_pcie4_uscale_ep_bus_skew_routed.rpt"/>
  <File Type="ROUTE-BUS-SKEW-PB" Name="xilinx_pcie4_uscale_ep_bus_skew_routed.pb"/>
  <File Type="ROUTE-BUS-SKEW-RPX" Name="xilinx_pcie4_uscale_ep_bus_skew_routed.rpx"/>
  <File Type="POSTROUTE-PHYSOPT-DCP" Name="xilinx_pcie4_uscale_ep_postroute_physopt.dcp"/>
  <File Type="POSTROUTE-PHYSOPT-BLACKBOX-DCP" Name="xilinx_pcie4_uscale_ep_postroute_physopt_bb.dcp"/>
  <File Type="POSTROUTE-PHYSOPT-TIMING" Name="xilinx_pcie4_uscale_ep_timing_summary_postroute_physopted.rpt"/>
  <File Type="POSTROUTE-PHYSOPT-TIMING-PB" Name="xilinx_pcie4_uscale_ep_timing_summary_postroute_physopted.pb"/>
  <File Type="POSTROUTE-PHYSOPT-TIMING-RPX" Name="xilinx_pcie4_uscale_ep_timing_summary_postroute_physopted.rpx"/>
  <File Type="POSTROUTE-PHYSOPT-BUS-SKEW" Name="xilinx_pcie4_uscale_ep_bus_skew_postroute_physopted.rpt"/>
  <File Type="POSTROUTE-PHYSOPT-BUS-SKEW-PB" Name="xilinx_pcie4_uscale_ep_bus_skew_postroute_physopted.pb"/>
  <File Type="BG-BIT" Name="xilinx_pcie4_uscale_ep.bit"/>
  <File Type="POSTROUTE-PHYSOPT-BUS-SKEW-RPX" Name="xilinx_pcie4_uscale_ep_bus_skew_postroute_physopted.rpx"/>
  <File Type="BITSTR-RBT" Name="xilinx_pcie4_uscale_ep.rbt"/>
  <File Type="BITSTR-NKY" Name="xilinx_pcie4_uscale_ep.nky"/>
  <File Type="BG-DRC" Name="xilinx_pcie4_uscale_ep.drc"/>
  <File Type="RDI-RDI" Name="xilinx_pcie4_uscale_ep.vdi"/>
  <File Type="WBT-USG" Name="usage_statistics_webtalk.html"/>
  <FileSet Name="sources" Type="DesignSrcs" RelSrcDir="$PSRCDIR/sources_1">
    <Filter Type="Srcs"/>
    <File Path="$PSRCDIR/sources_1/ip/kcu116_pcie_x8_gen3/kcu116_pcie_x8_gen3.xci">
      <FileInfo>
        <Attr Name="ImportPath" Val="$PPRDIR/../kcu116_pcie.srcs/sources_1/ip/kcu116_pcie_x8_gen3/kcu116_pcie_x8_gen3.xci"/>
        <Attr Name="ImportTime" Val="1563293630"/>
        <Attr Name="UsedIn" Val="synthesis"/>
        <Attr Name="UsedIn" Val="implementation"/>
        <Attr Name="UsedIn" Val="simulation"/>
      </FileInfo>
    </File>
    <File Path="$PPRDIR/imports/pcie_app_uscale.v">
      <FileInfo>
        <Attr Name="UsedIn" Val="synthesis"/>
        <Attr Name="UsedIn" Val="implementation"/>
        <Attr Name="UsedIn" Val="simulation"/>
      </FileInfo>
    </File>
    <File Path="$PPRDIR/imports/pio.v">
      <FileInfo>
        <Attr Name="UsedIn" Val="synthesis"/>
        <Attr Name="UsedIn" Val="implementation"/>
        <Attr Name="UsedIn" Val="simulation"/>
      </FileInfo>
    </File>
    <File Path="$PPRDIR/imports/pio_ep.v">
      <FileInfo>
        <Attr Name="UsedIn" Val="synthesis"/>
        <Attr Name="UsedIn" Val="implementation"/>
        <Attr Name="UsedIn" Val="simulation"/>
      </FileInfo>
    </File>
    <File Path="$PPRDIR/imports/pio_ep_mem_access.v">
      <FileInfo>
        <Attr Name="UsedIn" Val="synthesis"/>
        <Attr Name="UsedIn" Val="implementation"/>
        <Attr Name="UsedIn" Val="simulation"/>
      </FileInfo>
    </File>
    <File Path="$PPRDIR/imports/pio_intr_ctrl.v">
      <FileInfo>
        <Attr Name="UsedIn" Val="synthesis"/>
        <Attr Name="UsedIn" Val="implementation"/>
        <Attr Name="UsedIn" Val="simulation"/>
      </FileInfo>
    </File>
    <File Path="$PPRDIR/imports/pio_rx_engine.v">
      <FileInfo>
        <Attr Name="UsedIn" Val="synthesis"/>
        <Attr Name="UsedIn" Val="implementation"/>
        <Attr Name="UsedIn" Val="simulation"/>
      </FileInfo>
    </File>
    <File Path="$PPRDIR/imports/pio_to_ctrl.v">
      <FileInfo>
        <Attr Name="UsedIn" Val="synthesis"/>
        <Attr Name="UsedIn" Val="implementation"/>
        <Attr Name="UsedIn" Val="simulation"/>
      </FileInfo>
    </File>
    <File Path="$PPRDIR/imports/pio_tx_engine.v">
      <FileInfo>
        <Attr Name="UsedIn" Val="synthesis"/>
        <Attr Name="UsedIn" Val="implementation"/>
        <Attr Name="UsedIn" Val="simulation"/>
      </FileInfo>
    </File>
    <File Path="$PPRDIR/imports/pio_ep_xpm_sdpram_wrap.sv">
      <FileInfo>
        <Attr Name="UsedIn" Val="synthesis"/>
        <Attr Name="UsedIn" Val="implementation"/>
        <Attr Name="UsedIn" Val="simulation"/>
      </FileInfo>
    </File>
    <File Path="$PPRDIR/imports/xilinx_pcie4_uscale_ep.v">
      <FileInfo>
        <Attr Name="UsedIn" Val="synthesis"/>
        <Attr Name="UsedIn" Val="implementation"/>
        <Attr Name="UsedIn" Val="simulation"/>
      </FileInfo>
    </File>
    <Config>
      <Option Name="DesignMode" Val="RTL"/>
      <Option Name="TopModule" Val="xilinx_pcie4_uscale_ep"/>
    </Config>
  </FileSet>
  <FileSet Name="constrs_in" Type="Constrs" RelSrcDir="$PSRCDIR/constrs_1">
    <Filter Type="Constrs"/>
    <File Path="$PPRDIR/imports/xilinx_pcie4_uscale_plus_x0y0.xdc">
      <FileInfo>
        <Attr Name="UsedIn" Val="synthesis"/>
        <Attr Name="UsedIn" Val="implementation"/>
      </FileInfo>
    </File>
    <Config>
      <Option Name="ConstrsType" Val="XDC"/>
    </Config>
  </FileSet>
  <FileSet Name="utils" Type="Utils" RelSrcDir="$PSRCDIR/utils_1">
    <Filter Type="Utils"/>
    <Config>
      <Option Name="TopAutoSet" Val="TRUE"/>
    </Config>
  </FileSet>
  <Strategy Version="1" Minor="2">
    <StratHandle Name="Vivado Implementation Defaults" Flow="Vivado Implementation 2019">
      <Desc>Default settings for Implementation.</Desc>
    </StratHandle>
    <Step Id="init_design"/>
    <Step Id="opt_design"/>
    <Step Id="power_opt_design"/>
    <Step Id="place_design"/>
    <Step Id="post_place_power_opt_design"/>
    <Step Id="phys_opt_design"/>
    <Step Id="route_design"/>
    <Step Id="post_route_phys_opt_design"/>
    <Step Id="write_bitstream"/>
  </Strategy>
  <BlockFileSet Type="BlockSrcs" Name="clk_wiz_0"/>
</GenRun>
