<?xml version="1.0" encoding="UTF-8"?>
<GenRun Id="kcu116_pcie_x8_gen3_synth_1" LaunchPart="xcku5p-ffvb676-2-e" LaunchTime="1563294041">
  <File Type="PA-TCL" Name="kcu116_pcie_x8_gen3.tcl"/>
  <File Type="RDS-PROPCONSTRS" Name="kcu116_pcie_x8_gen3_drc_synth.rpt"/>
  <File Type="REPORTS-TCL" Name="kcu116_pcie_x8_gen3_reports.tcl"/>
  <File Type="RDS-RDS" Name="kcu116_pcie_x8_gen3.vds"/>
  <File Type="RDS-UTIL" Name="kcu116_pcie_x8_gen3_utilization_synth.rpt"/>
  <File Type="RDS-UTIL-PB" Name="kcu116_pcie_x8_gen3_utilization_synth.pb"/>
  <File Type="RDS-DCP" Name="kcu116_pcie_x8_gen3.dcp"/>
  <File Type="VDS-TIMINGSUMMARY" Name="kcu116_pcie_x8_gen3_timing_summary_synth.rpt"/>
  <File Type="VDS-TIMING-PB" Name="kcu116_pcie_x8_gen3_timing_summary_synth.pb"/>
  <FileSet Name="sources" Type="BlockSrcs" RelSrcDir="$PSRCDIR/kcu116_pcie_x8_gen3">
    <File Path="$PSRCDIR/sources_1/ip/kcu116_pcie_x8_gen3/kcu116_pcie_x8_gen3.xci">
      <FileInfo>
        <Attr Name="UsedIn" Val="synthesis"/>
        <Attr Name="UsedIn" Val="implementation"/>
        <Attr Name="UsedIn" Val="simulation"/>
      </FileInfo>
    </File>
    <Config>
      <Option Name="TopModule" Val="kcu116_pcie_x8_gen3"/>
      <Option Name="UseBlackboxStub" Val="1"/>
    </Config>
  </FileSet>
  <FileSet Name="constrs_in" Type="BlockSrcs" RelSrcDir="$PSRCDIR/kcu116_pcie_x8_gen3">
    <File Path="$PSRCDIR/sources_1/ip/kcu116_pcie_x8_gen3/kcu116_pcie_x8_gen3.xci">
      <FileInfo>
        <Attr Name="UsedIn" Val="synthesis"/>
        <Attr Name="UsedIn" Val="implementation"/>
        <Attr Name="UsedIn" Val="simulation"/>
      </FileInfo>
    </File>
    <Config>
      <Option Name="TopModule" Val="kcu116_pcie_x8_gen3"/>
      <Option Name="UseBlackboxStub" Val="1"/>
    </Config>
  </FileSet>
  <FileSet Name="utils" Type="Utils" RelSrcDir="$PSRCDIR/utils_1">
    <Filter Type="Utils"/>
    <Config>
      <Option Name="TopAutoSet" Val="TRUE"/>
    </Config>
  </FileSet>
  <Strategy Version="1" Minor="2">
    <StratHandle Name="Vivado Synthesis Defaults" Flow="Vivado Synthesis 2019">
      <Desc>Vivado Synthesis Defaults</Desc>
    </StratHandle>
    <Step Id="synth_design"/>
  </Strategy>
</GenRun>
