<?xml version="1.0"?>
<Runs Version="1" Minor="0">
	<Run Id="clk_wiz_0_synth_1" LaunchDir="c:/kcu116_pcie/kcu116_pcie_x8_gen3_ex/kcu116_pcie_x8_gen3_ex.runs/clk_wiz_0_synth_1" FlowId="Vivado_Synthesis" FromStepId="vivado" ToStepId="vivado"/>
	<Run Id="synth_1" LaunchDir="c:/kcu116_pcie/kcu116_pcie_x8_gen3_ex/kcu116_pcie_x8_gen3_ex.runs/synth_1" FlowId="Vivado_Synthesis" FromStepId="vivado" ToStepId="vivado">
		<Parent Id="clk_wiz_0_synth_1"/>
	</Run>
	<Run Id="impl_1" LaunchDir="c:/kcu116_pcie/kcu116_pcie_x8_gen3_ex/kcu116_pcie_x8_gen3_ex.runs/impl_1" FlowId="Vivado_Implementation" FromStepId="init_design" ToStepId="write_bitstream">
		<Parent Id="synth_1"/>
		<Parent Id="clk_wiz_0_synth_1"/>
	</Run>
	<Parameters>
		<Parameter Name="runs.monitorLSFJobs" Val="true" Type="bool"/>
	</Parameters>
</Runs>

